ExperimentName,RunID,NP,NumShards,NumTransactions,TransactionSize,Seed
total_simulation,0,8,4,100000,128,0
total_simulation,1,8,4,10000,128,1235
total_simulation,2,8,4,50000,128,1236
total_simulation,3,8,4,100000,128,1237
total_simulation,4,8,4,200000,128,1238
total_simulation,5,8,4,500000,128,1239
total_simulation,6,16,4,10000,128,1240
total_simulation,7,16,4,50000,128,1241
total_simulation,8,16,4,100000,128,1242
total_simulation,9,16,4,200000,128,1243
total_simulation,10,16,4,500000,128,1244
total_simulation,11,16,8,10000,128,1245
total_simulation,12,16,8,50000,128,1246
total_simulation,13,16,8,100000,128,1247
total_simulation,14,16,8,200000,128,1248
total_simulation,15,16,8,500000,128,1249
total_simulation,16,32,4,10000,128,1250
total_simulation,17,32,4,50000,128,1251
total_simulation,18,32,4,100000,128,1252
total_simulation,19,32,4,200000,128,1253
total_simulation,20,32,4,500000,128,1254
total_simulation,21,32,8,10000,128,1255
