ExperimentName,RunID,ShardID,NumTransactions
total_simulation,0,0,25000
total_simulation,0,1,25000
total_simulation,0,2,25000
total_simulation,0,3,25000
total_simulation,1,0,2500
total_simulation,1,1,2500
total_simulation,1,2,2500
total_simulation,1,3,2500
total_simulation,2,0,12500
total_simulation,2,1,12500
total_simulation,2,2,12500
total_simulation,2,3,12500
total_simulation,3,0,25000
total_simulation,3,1,25000
total_simulation,3,2,25000
total_simulation,3,3,25000
total_simulation,4,0,50000
total_simulation,4,1,50000
total_simulation,4,2,50000
total_simulation,4,3,50000
total_simulation,5,0,125000
total_simulation,5,1,125000
total_simulation,5,2,125000
total_simulation,5,3,125000
total_simulation,6,0,2500
total_simulation,6,1,2500
total_simulation,6,2,2500
total_simulation,6,3,2500
total_simulation,7,0,12500
total_simulation,7,1,12500
total_simulation,7,2,12500
total_simulation,7,3,12500
total_simulation,8,0,25000
total_simulation,8,1,25000
total_simulation,8,2,25000
total_simulation,8,3,25000
total_simulation,9,0,50000
total_simulation,9,1,50000
total_simulation,9,2,50000
total_simulation,9,3,50000
total_simulation,10,0,125000
total_simulation,10,1,125000
total_simulation,10,2,125000
total_simulation,10,3,125000
total_simulation,11,0,1250
total_simulation,11,1,1250
total_simulation,11,2,1250
total_simulation,11,3,1250
total_simulation,11,4,1250
total_simulation,11,5,1250
total_simulation,11,6,1250
total_simulation,11,7,1250
total_simulation,12,0,6250
total_simulation,12,1,6250
total_simulation,12,2,6250
total_simulation,12,3,6250
total_simulation,12,4,6250
total_simulation,12,5,6250
total_simulation,12,6,6250
total_simulation,12,7,6250
total_simulation,13,0,12500
total_simulation,13,1,12500
total_simulation,13,2,12500
total_simulation,13,3,12500
total_simulation,13,4,12500
total_simulation,13,5,12500
total_simulation,13,6,12500
total_simulation,13,7,12500
total_simulation,14,0,25000
total_simulation,14,1,25000
total_simulation,14,2,25000
total_simulation,14,3,25000
total_simulation,14,4,25000
total_simulation,14,5,25000
total_simulation,14,6,25000
total_simulation,14,7,25000
total_simulation,15,0,62500
total_simulation,15,1,62500
total_simulation,15,2,62500
total_simulation,15,3,62500
total_simulation,15,4,62500
total_simulation,15,5,62500
total_simulation,15,6,62500
total_simulation,15,7,62500
total_simulation,16,0,2500
total_simulation,16,1,2500
total_simulation,16,2,2500
total_simulation,16,3,2500
total_simulation,17,0,12500
total_simulation,17,1,12500
total_simulation,17,2,12500
total_simulation,17,3,12500
total_simulation,18,0,25000
total_simulation,18,1,25000
total_simulation,18,2,25000
total_simulation,18,3,25000
total_simulation,19,0,50000
total_simulation,19,1,50000
total_simulation,19,2,50000
total_simulation,19,3,50000
total_simulation,20,0,125000
total_simulation,20,1,125000
total_simulation,20,2,125000
total_simulation,20,3,125000
total_simulation,21,0,1250
total_simulation,21,1,1250
total_simulation,21,2,1250
total_simulation,21,3,1250
total_simulation,21,4,1250
total_simulation,21,5,1250
total_simulation,21,6,1250
total_simulation,21,7,1250
